addr,data
0x1000,1
0x1002,2
0x1004,8
0x1006,3
0x1008,6
0x100A,32
0x100C,-54
0x100E,-90
0x1010,-74
0x1012,-74
0x1014,-42
0x1016,-67
0x1018,-94
0x101A,-7
0x101C,0
0x101E,34
0x1020,62
0x1022,75
0x1024,84
0x1026,-66
0x1028,53
0x102A,-37
0x102C,82
0x102E,10
0x1030,-27
0x1032,-15
0x1034,17
0x1036,-14
0x1038,57
0x103A,-19
0x103C,27
0x103E,-51
0x1040,2
0x1042,61
0x1044,27
0x1046,84
0x1048,90
0x104A,-74
0x104C,95
0x104E,87
0x1050,8
0x1052,11
0x1054,-54
0x1056,56
0x1058,-9
0x105A,12
0x105C,-25
0x105E,-27
0x1060,0
0x1062,-38
0x1064,81
0x1066,-77
0x1068,-30
0x106A,-38
0x106C,2
0x106E,73
0x1070,6
0x1072,47
0x1074,-25
0x1076,-86
0x1078,-18
0x107A,14
0x107C,2
0x107E,9
0x1080,67
0x1082,-15
0x1084,0
0x1086,-12
0x1088,67
0x108A,-99
0x108C,14
0x108E,-45
0x1090,48
0x1092,66
0x1094,64
0x1096,-46
0x1098,6
0x109A,-93
0x109C,-98
0x109E,-75
0x10A0,-60
0x10A2,7
0x10A4,90
0x10A6,55
0x10A8,80
0x10AA,35
0x10AC,22
0x10AE,15
0x10B0,-90
0x10B2,-90
0x10B4,19
0x10B6,-56
0x10B8,47
0x10BA,-55
0x10BC,59
0x10BE,-79
0x10C0,21
0x10C2,-76
0x10C4,88
0x10C6,5
0x10C8,2
0x10CA,15
0x10CC,-80
0x10CE,-92
0x10D0,70
0x10D2,65
0x10D4,45
0x10D6,-12
0x10D8,-48
0x10DA,58
0x10DC,9
0x10DE,95
0x10E0,55
0x10E2,-80
0x10E4,45
0x10E6,-63
0x10E8,-93
0x10EA,-42
0x10EC,-50
0x10EE,-99
0x10F0,-80
0x10F2,-38
0x10F4,89
0x10F6,94
0x10F8,90
0x10FA,-77
0x10FC,74
0x10FE,80
0x1100,43
0x1102,-25
0x1104,6
0x1106,15
0x1108,81
0x110A,-72
0x110C,-44
0x110E,9
0x1110,5
0x1112,-15
0x1114,42
0x1116,88
0x1118,-98
0x111A,60
0x111C,46
0x111E,-7
0x1120,-81
0x1122,-88
0x1124,42
0x1126,8
0x1128,-49
0x112A,12
0x112C,-65
0x112E,-11
0x1130,39
0x1132,13
0x1134,-9
0x1136,-43
0x1138,-11
0x113A,-92
0x113C,-20
0x113E,16
0x1140,92
0x1142,-1
0x1144,14
0x1146,22
0x1148,-88
0x114A,87
0x114C,47
0x114E,51
0x1150,-8
0x1152,12
0x1154,-10
0x1156,82
0x1158,59
0x115A,-45
0x115C,-68
0x115E,-5
0x1160,-85
0x1162,-30
0x1164,-38
0x1166,14
0x1168,-46
0x116A,24
0x116C,-29
0x116E,-91
0x1170,-73
0x1172,-31
0x1174,-12
0x1176,60
0x1178,11
0x117A,95
0x117C,-51
0x117E,-20
0x1180,61
0x1182,-53
0x1184,98
0x1186,-35
0x1188,85
0x118A,-33
0x118C,4
0x118E,46
0x1190,-70
0x1192,68
0x1194,-79
0x1196,-94
0x1198,-20
0x119A,-77
0x119C,96
0x119E,-4
0x11A0,88
0x11A2,34
0x11A4,-50
0x11A6,67
0x11A8,-95
0x11AA,30
0x11AC,90
0x11AE,98
0x11B0,34
0x11B2,81
0x11B4,-29
0x11B6,-31
0x11B8,44
0x11BA,-19
0x11BC,72
0x11BE,49
0x11C0,84
0x11C2,54
0x11C4,-46
0x11C6,-98
0x11C8,8
0x11CA,49
0x11CC,-99
0x11CE,65
0x11D0,-1
0x11D2,80
0x11D4,-76
0x11D6,83
0x11D8,-82
0x11DA,99
0x11DC,-20
0x11DE,65
0x11E0,-31
0x11E2,4
0x11E4,4
0x11E6,23
0x11E8,78
0x11EA,-3
0x11EC,-94
0x11EE,-96
0x11F0,39
0x11F2,-75
0x11F4,46
0x11F6,-59
0x11F8,-49
0x11FA,7
0x11FC,4
0x11FE,51
0x1200,88
0x1202,59
0x1204,-25
0x1206,-17
0x1208,-14
0x120A,90
0x120C,13
0x120E,-20
0x1210,-66
0x1212,38
0x1214,-96
0x1216,-28
0x1218,39
0x121A,-6
0x121C,11
0x121E,-73
0x1220,-33
0x1222,-49
0x1224,16
0x1226,-81
0x1228,89
0x122A,46
0x122C,-92
0x122E,76
0x1230,-1
0x1232,46
0x1234,-2
0x1236,-89
0x1238,-77
0x123A,-57
0x123C,100
0x123E,8
0x1240,-29
0x1242,53
0x1244,-25
0x1246,-99
0x1248,-64
0x124A,-82
0x124C,-56
0x124E,48
0x1250,-24
0x1252,7
0x1254,58
0x1256,-13
0x1258,18
0x125A,52
0x125C,-31
0x125E,43
0x1260,-98
0x1262,-64
0x1264,-84
0x1266,62
0x1268,100
0x126A,-90
0x126C,-68
0x126E,69
0x1270,4
0x1272,39
0x1274,36
0x1276,3
0x1278,8
0x127A,-2
0x127C,-98
0x127E,5
0x1280,95
0x1282,49
0x1284,87
0x1286,76
0x1288,50
0x128A,57
0x128C,62
0x128E,30
0x1290,57
0x1292,-1
0x1294,-93
0x1296,-67
0x1298,-60
0x129A,98
0x129C,-14
0x129E,0
0x12A0,27
0x12A2,-1
0x12A4,-54
0x12A6,95
0x12A8,-96
0x12AA,-80
0x12AC,93
0x12AE,1
0x12B0,61
0x12B2,-68
0x12B4,-17
0x12B6,-16
0x12B8,21
0x12BA,-73
0x12BC,97
0x12BE,3
0x12C0,-44
0x12C2,50
0x12C4,-58
0x12C6,3
0x12C8,86
0x12CA,-100
0x12CC,-88
0x12CE,-3
0x12D0,-61
0x12D2,-26
0x12D4,38
0x12D6,98
0x12D8,19
0x12DA,85
0x12DC,84
0x12DE,-45
0x12E0,-34
0x12E2,68
0x12E4,61
0x12E6,-46
0x12E8,1
0x12EA,-59
0x12EC,-11
0x12EE,-14
0x12F0,-94
0x12F2,73
0x12F4,-84
0x12F6,-6
0x12F8,-44
0x12FA,-21
0x12FC,-92
0x12FE,-84
0x1300,-83
0x1302,-60
0x1304,-19
0x1306,62
0x1308,-36
0x130A,55
0x130C,95
0x130E,92
0x1310,-40
0x1312,-46
0x1314,87
0x1316,53
0x1318,42
0x131A,-57
0x131C,6
0x131E,29
0x1320,-4
0x1322,-26
0x1324,45
0x1326,-74
0x1328,-60
0x132A,15
0x132C,1
0x132E,44
0x1330,47
0x1332,-85
0x1334,14
0x1336,-63
0x1338,-95
0x133A,47
0x133C,-18
0x133E,-39
0x1340,-66
0x1342,-100
0x1344,2
0x1346,79
0x1348,-2
0x134A,16
0x134C,-53
0x134E,90
0x1350,-42
0x1352,-76
0x1354,40
0x1356,70
0x1358,83
0x135A,-56
0x135C,11
0x135E,-59
0x1360,-2
0x1362,-99
0x1364,74
0x1366,46
0x1368,5
0x136A,-5
0x136C,72
0x136E,-72
0x1370,-4
0x1372,-68
0x1374,-90
0x1376,-35
0x1378,-47
0x137A,-83
0x137C,30
0x137E,-84
0x1380,-68
0x1382,-98
0x1384,8
0x1386,-29
0x1388,55
0x138A,-31
0x138C,54
0x138E,-58
0x1390,93
0x1392,-92
0x1394,3
0x1396,-30
0x1398,-12
0x139A,-73
0x139C,59
0x139E,59
0x13A0,-19
0x13A2,38
0x13A4,15
0x13A6,-71
0x13A8,28
0x13AA,98
0x13AC,-13
0x13AE,-31
0x13B0,8
0x13B2,46
0x13B4,-64
0x13B6,-36
0x13B8,-37
0x13BA,20
0x13BC,48
0x13BE,-47
0x13C0,29
0x13C2,-27
0x13C4,27
0x13C6,-46
0x13C8,-47
0x13CA,-9
0x13CC,-55
0x13CE,100
0x13D0,-58
0x13D2,-72
0x13D4,16
0x13D6,-8
0x13D8,30
0x13DA,-70
0x13DC,68
0x13DE,38
0x13E0,-54
0x13E2,-19
0x13E4,91
0x13E6,80
0x13E8,-22
0x13EA,-100
0x13EC,31
0x13EE,-42
0x13F0,-3
0x13F2,-69
0x13F4,28
0x13F6,6
0x13F8,42
0x13FA,90
0x13FC,-31
0x13FE,-100
0x1400,-52
0x1402,92
0x1404,-73
0x1406,55
0x1408,-66
0x140A,19
0x140C,63
0x140E,20
0x1410,35
0x1412,-7
0x1414,-17
0x1416,-85
0x1418,76
0x141A,-15
0x141C,12
0x141E,32
0x1420,-69
0x1422,82
0x1424,69
0x1426,66
0x1428,42
0x142A,-27
0x142C,77
0x142E,-91
0x1430,-29
0x1432,30
0x1434,-37
0x1436,11
0x1438,-3
0x143A,-87
0x143C,-84
0x143E,16
0x1440,-9
0x1442,35
0x1444,-26
0x1446,33
0x1448,-90
0x144A,-7
0x144C,1
0x144E,-87
0x1450,70
0x1452,95
0x1454,-41
0x1456,48
0x1458,41
0x145A,24
0x145C,90
0x145E,-24
0x1460,-93
0x1462,4
0x1464,52
0x1466,-21
0x1468,-64
0x146A,37
0x146C,-45
0x146E,70
0x1470,-87
0x1472,87
0x1474,-59
0x1476,-35
0x1478,-14
0x147A,36
0x147C,35
0x147E,18
0x1480,-93
0x1482,66
0x1484,-57
0x1486,66
0x1488,-4
0x148A,-10
0x148C,27
0x148E,-79
0x1490,-63
0x1492,-29
0x1494,47
0x1496,41
0x1498,-2
0x149A,73
0x149C,-55
0x149E,51
0x14A0,23
0x14A2,-35
0x14A4,17
0x14A6,-77
0x14A8,-1
0x14AA,-10
0x14AC,52
0x14AE,91
0x14B0,44
0x14B2,-1
0x14B4,39
0x14B6,-81
0x14B8,8
0x14BA,-84
0x14BC,29
0x14BE,-43
0x14C0,-7
0x14C2,40
0x14C4,-74
0x14C6,-74
0x14C8,68
0x14CA,-37
0x14CC,30
0x14CE,-84
0x14D0,45
0x14D2,-26
0x14D4,-99
0x14D6,52
0x14D8,-73
0x14DA,26
0x14DC,-32
0x14DE,-93
0x14E0,-91
0x14E2,24
0x14E4,64
0x14E6,64
0x14E8,37
0x14EA,-82
0x14EC,44
0x14EE,54
0x14F0,39
0x14F2,-24
0x14F4,-60
0x14F6,-23
0x14F8,56
0x14FA,-39
0x14FC,2
0x14FE,-40
0x1500,-19
0x1502,36
0x1504,52
0x1506,33
0x1508,12
0x150A,8
0x150C,77
0x150E,2
0x1510,-86
0x1512,-36
0x1514,-30
0x1516,39
0x1518,-53
0x151A,41
0x151C,44
0x151E,-46
0x1520,-26
0x1522,77
0x1524,-85
0x1526,-73
0x1528,30
0x152A,-35
0x152C,46
0x152E,27
0x1530,45
0x1532,-56
0x1534,83
0x1536,97
0x1538,27
0x153A,-73
0x153C,-21
0x153E,-59
0x1540,96
0x1542,-8
0x1544,-83
0x1546,85
0x1548,86
0x154A,-74
0x154C,-11
0x154E,38
0x1550,19
0x1552,-78
0x1554,-39
0x1556,33
0x1558,-74
0x155A,100
0x155C,15
0x155E,-19
0x1560,26
0x1562,-13
0x1564,51
0x1566,-42
0x1568,-56
0x156A,-80
0x156C,-39
0x156E,47
0x1570,-46
0x1572,93
0x1574,8
0x1576,3
0x1578,52
0x157A,-5
0x157C,-25
0x157E,85
0x1580,86
0x1582,3
0x1584,53
0x1586,28
0x1588,-2
0x158A,14
0x158C,37
0x158E,-30
0x1590,-77
0x1592,-98
0x1594,-36
0x1596,3
0x1598,85
0x159A,97
0x159C,-26
0x159E,-79
0x15A0,-77
0x15A2,-35
0x15A4,74
0x15A6,-95
0x15A8,23
0x15AA,58
0x15AC,-48
0x15AE,-33
0x15B0,-40
0x15B2,60
0x15B4,96
0x15B6,-94
0x15B8,55
0x15BA,23
0x15BC,-28
0x15BE,59
0x15C0,26
0x15C2,-100
0x15C4,-40
0x15C6,2
0x15C8,58
0x15CA,92
0x15CC,93
0x15CE,80
0x15D0,-73
0x15D2,-93
0x15D4,-43
0x15D6,-74
0x15D8,61
0x15DA,9
0x15DC,-70
0x15DE,-5
0x15E0,-25
0x15E2,53
0x15E4,43
0x15E6,-66
0x15E8,-35
0x15EA,7
0x15EC,-74
0x15EE,-44
0x15F0,5
0x15F2,37
0x15F4,97
0x15F6,45
0x15F8,-42
0x15FA,10
0x15FC,-62
0x15FE,-31
0x1600,-85
0x1602,61
0x1604,-89
0x1606,-46
0x1608,-10
0x160A,62
0x160C,26
0x160E,-9
0x1610,-8
0x1612,31
0x1614,-18
0x1616,-80
0x1618,-67
0x161A,-25
0x161C,-96
0x161E,96
0x1620,10
0x1622,-76
0x1624,-14
0x1626,-76
0x1628,68
0x162A,-37
0x162C,-6
0x162E,-70
0x1630,-27
0x1632,58
0x1634,-49
0x1636,80
0x1638,44
0x163A,5
0x163C,24
0x163E,25
0x1640,-57
0x1642,86
0x1644,-26
0x1646,-30
0x1648,21
0x164A,-5
0x164C,75
0x164E,-90
0x1650,90
0x1652,-39
0x1654,73
0x1656,-77
0x1658,-45
0x165A,54
0x165C,55
0x165E,-84
0x1660,17
0x1662,-34
0x1664,-24
0x1666,35
0x1668,-52
0x166A,-61
0x166C,-34
0x166E,98
0x1670,73
0x1672,-18
0x1674,6
0x1676,94
0x1678,5
0x167A,69
0x167C,-60
0x167E,78
0x1680,52
0x1682,-18
0x1684,64
0x1686,83
0x1688,17
0x168A,-8
0x168C,-2
0x168E,39
0x1690,-16
0x1692,-13
0x1694,-44
0x1696,53
0x1698,1
0x169A,-100
0x169C,13
0x169E,84
0x16A0,52
0x16A2,-75
0x16A4,-19
0x16A6,25
0x16A8,-28
0x16AA,84
0x16AC,-95
0x16AE,-1
0x16B0,-20
0x16B2,-66
0x16B4,43
0x16B6,-32
0x16B8,-38
0x16BA,-15
0x16BC,-70
0x16BE,-28
0x16C0,12
0x16C2,-72
0x16C4,-81
0x16C6,-40
0x16C8,-12
0x16CA,-48
0x16CC,85
0x16CE,2
0x16D0,-11
0x16D2,-58
0x16D4,-59
0x16D6,-59
0x16D8,-33
0x16DA,-83
0x16DC,-88
0x16DE,-56
0x16E0,91
0x16E2,-83
0x16E4,50
0x16E6,64
0x16E8,77
0x16EA,78
0x16EC,41
0x16EE,-21
0x16F0,-33
0x16F2,-48
0x16F4,-37
0x16F6,-56
0x16F8,61
0x16FA,-24
0x16FC,-11
0x16FE,-44
0x1700,-84
0x1702,-35
0x1704,11
0x1706,94
0x1708,19
0x170A,66
0x170C,-17
0x170E,18
0x1710,8
0x1712,67
0x1714,52
0x1716,-28
0x1718,55
0x171A,-84
0x171C,35
0x171E,-88
0x1720,15
0x1722,8
0x1724,-52
0x1726,-89
0x1728,66
0x172A,-13
0x172C,28
0x172E,-4
0x1730,48
0x1732,-99
0x1734,16
0x1736,46
0x1738,5
0x173A,-17
0x173C,91
0x173E,83
0x1740,39
0x1742,49
0x1744,60
0x1746,52
0x1748,-67
0x174A,23
0x174C,-37
0x174E,-74
0x1750,-25
0x1752,30
0x1754,78
0x1756,-35
0x1758,-61
0x175A,-39
0x175C,-35
0x175E,-41
0x1760,5
0x1762,-86
0x1764,-2
0x1766,76
0x1768,3
0x176A,-16
0x176C,51
0x176E,-27
0x1770,76
0x1772,7
0x1774,8
0x1776,-11
0x1778,96
0x177A,28
0x177C,-77
0x177E,-69
0x1780,98
0x1782,-52
0x1784,87
0x1786,89
0x1788,96
0x178A,61
0x178C,-51
0x178E,-83
0x1790,50
0x1792,10
0x1794,62
0x1796,22
0x1798,56
0x179A,-100
0x179C,-17
0x179E,88
0x17A0,-30
0x17A2,69
0x17A4,70
0x17A6,-97
0x17A8,-55
0x17AA,68
0x17AC,91
0x17AE,-15
0x17B0,43
0x17B2,-45
0x17B4,-63
0x17B6,-49
0x17B8,32
0x17BA,-83
0x17BC,-45
0x17BE,-13
0x17C0,-100
0x17C2,89
0x17C4,74
0x17C6,-19
0x17C8,-72
0x17CA,-76
0x17CC,-76
0x17CE,17
0x17D0,-85
0x17D2,-76
0x17D4,91
0x17D6,12
0x17D8,-73
0x17DA,-77
0x17DC,13
0x17DE,42
0x17E0,-60
0x17E2,77
0x17E4,-96
0x17E6,50
0x17E8,88
0x17EA,-82
0x17EC,-46
0x17EE,88
0x17F0,-98
0x17F2,80
0x17F4,-78
0x17F6,62
0x17F8,-2
0x17FA,-97
0x17FC,72
0x17FE,-73
0x1800,-83
0x1802,-29
0x1804,-16
0x1806,69
0x1808,90
0x180A,3
0x180C,-67
0x180E,79
0x1810,-87
0x1812,72
0x1814,13
0x1816,71
0x1818,-86
0x181A,12
0x181C,33
0x181E,20
0x1820,11
0x1822,53
0x1824,-16
0x1826,-69
0x1828,-29
0x182A,41
0x182C,86
0x182E,-27
0x1830,43
0x1832,-60
0x1834,-90
0x1836,-73
0x1838,20
0x183A,-59
0x183C,8
0x183E,-85
0x1840,-49
0x1842,-95
0x1844,77
0x1846,-16
0x1848,-90
0x184A,97
0x184C,-99
0x184E,-56
0x1850,36
0x1852,28
0x1854,-9
0x1856,-84
0x1858,10
0x185A,-79
0x185C,7
0x185E,-10
0x1860,-33
0x1862,6
0x1864,40
0x1866,-49
0x1868,75
0x186A,-33
0x186C,22
0x186E,35
0x1870,93
0x1872,-60
0x1874,41
0x1876,96
0x1878,87
0x187A,45
0x187C,-61
0x187E,-97
0x1880,81
0x1882,-88
0x1884,37
0x1886,-57
0x1888,3
0x188A,53
0x188C,5
0x188E,79
0x1890,-28
0x1892,11
0x1894,34
0x1896,78
0x1898,-11
0x189A,-97
0x189C,84
0x189E,-67
0x18A0,58
0x18A2,-52
0x18A4,90
0x18A6,-36
0x18A8,-92
0x18AA,95
0x18AC,63
0x18AE,-21
0x18B0,85
0x18B2,-50
0x18B4,61
0x18B6,65
0x18B8,-36
0x18BA,-90
0x18BC,74
0x18BE,47
0x18C0,71
0x18C2,-29
0x18C4,88
0x18C6,35
0x18C8,21
0x18CA,29
0x18CC,-22
0x18CE,34
0x18D0,-79
0x18D2,20
0x18D4,70
0x18D6,-6
0x18D8,-74
0x18DA,17
0x18DC,93
0x18DE,97
0x18E0,93
0x18E2,75
0x18E4,-79
0x18E6,-1
0x18E8,-68
0x18EA,-25
0x18EC,-21
0x18EE,61
0x18F0,-81
0x18F2,37
0x18F4,-51
0x18F6,37
0x18F8,-77
0x18FA,-97
0x18FC,64
0x18FE,98
0x1900,-75
0x1902,37
0x1904,84
0x1906,-20
0x1908,27
0x190A,-3
0x190C,46
0x190E,-38
0x1910,51
0x1912,24
0x1914,-36
0x1916,13
0x1918,93
0x191A,-75
0x191C,-42
0x191E,-48
0x1920,81
0x1922,-53
0x1924,-64
0x1926,79
0x1928,-54
0x192A,100
0x192C,71
0x192E,-21
0x1930,81
0x1932,0
0x1934,-4
0x1936,-18
0x1938,89
0x193A,14
0x193C,-57
0x193E,-25
0x1940,-24
0x1942,-84
0x1944,12
0x1946,20
0x1948,46
0x194A,-26
0x194C,-29
0x194E,85
0x1950,-63
0x1952,-46
0x1954,-15
0x1956,9
0x1958,-67
0x195A,44
0x195C,55
0x195E,-42
0x1960,64
0x1962,93
0x1964,-51
0x1966,74
0x1968,-50
0x196A,48
0x196C,97
0x196E,-91
0x1970,-20
0x1972,33
0x1974,-68
0x1976,89
0x1978,59
0x197A,72
0x197C,73
0x197E,85
0x1980,51
0x1982,41
0x1984,-90
0x1986,29
0x1988,-58
0x198A,-38
0x198C,-4
0x198E,-80
0x1990,-83
0x1992,-46
0x1994,4
0x1996,-16
0x1998,-32
0x199A,-77
0x199C,-38
0x199E,-20
0x19A0,-3
0x19A2,47
0x19A4,-1
0x19A6,-31
0x19A8,-100
0x19AA,78
0x19AC,-14
0x19AE,2
0x19B0,-45
0x19B2,-9
0x19B4,9
0x19B6,94
0x19B8,-47
0x19BA,20
0x19BC,-19
0x19BE,53
0x19C0,-77
0x19C2,88
0x19C4,-62
0x19C6,-19
0x19C8,87
0x19CA,-37
0x19CC,70
0x19CE,-3
0x19D0,-73
0x19D2,-47
0x19D4,87
0x19D6,-32
0x19D8,37
0x19DA,-26
0x19DC,50
0x19DE,13
0x19E0,-61
0x19E2,64
0x19E4,34
0x19E6,99
0x19E8,-50
0x19EA,-12
0x19EC,37
0x19EE,53
0x19F0,8
0x19F2,-78
0x19F4,30
0x19F6,-79
0x19F8,-70
0x19FA,67
0x19FC,-67
0x19FE,51
0x1A00,57
0x1A02,-20
0x1A04,88
0x1A06,-23
0x1A08,-93
0x1A0A,-59
0x1A0C,-52
0x1A0E,69
0x1A10,-13
0x1A12,86
0x1A14,34
0x1A16,-32
0x1A18,-73
0x1A1A,74
0x1A1C,-32
0x1A1E,-69
0x1A20,10
0x1A22,-16
0x1A24,-4
0x1A26,98
0x1A28,4
0x1A2A,43
0x1A2C,-8
0x1A2E,58
0x1A30,46
0x1A32,-33
0x1A34,87
0x1A36,8
0x1A38,-4
0x1A3A,-82
0x1A3C,-18
0x1A3E,-88
0x1A40,-14
0x1A42,-90
0x1A44,17
0x1A46,-72
0x1A48,91
0x1A4A,-21
0x1A4C,93
0x1A4E,91
0x1A50,-89
0x1A52,34
0x1A54,-66
0x1A56,41
0x1A58,22
0x1A5A,24
0x1A5C,41
0x1A5E,-52
0x1A60,75
0x1A62,-40
0x1A64,-28
0x1A66,-27
0x1A68,-60
0x1A6A,-52
0x1A6C,-21
0x1A6E,81
0x1A70,-84
0x1A72,-34
0x1A74,63
0x1A76,-67
0x1A78,8
0x1A7A,-3
0x1A7C,-62
0x1A7E,-65
0x1A80,51
0x1A82,70
0x1A84,-16
0x1A86,-37
0x1A88,52
0x1A8A,-37
0x1A8C,-92
0x1A8E,-91
0x1A90,73
0x1A92,-25
0x1A94,27
0x1A96,9
0x1A98,38
0x1A9A,-68
0x1A9C,60
0x1A9E,-15
0x1AA0,-41
0x1AA2,84
0x1AA4,45
0x1AA6,-76
0x1AA8,78
0x1AAA,-72
0x1AAC,-14
0x1AAE,25
0x1AB0,-24
0x1AB2,-45
0x1AB4,28
0x1AB6,-51
0x1AB8,24
0x1ABA,-53
0x1ABC,-57
0x1ABE,-42
0x1AC0,39
0x1AC2,-23
0x1AC4,-34
0x1AC6,39
0x1AC8,-75
0x1ACA,99
0x1ACC,-74
0x1ACE,10
0x1AD0,74
0x1AD2,28
0x1AD4,-88
0x1AD6,-29
0x1AD8,-69
0x1ADA,55
0x1ADC,-62
0x1ADE,1
0x1AE0,-73
0x1AE2,12
0x1AE4,17
0x1AE6,39
0x1AE8,4
0x1AEA,-82
0x1AEC,-80
0x1AEE,-94
0x1AF0,75
0x1AF2,-74
0x1AF4,-27
0x1AF6,-23
0x1AF8,-74
0x1AFA,-18
0x1AFC,36
0x1AFE,-59
0x1B00,-63
0x1B02,-18
0x1B04,63
0x1B06,49
0x1B08,-21
0x1B0A,32
0x1B0C,-8
0x1B0E,70
0x1B10,14
0x1B12,54
0x1B14,-38
0x1B16,-6
0x1B18,12
0x1B1A,10
0x1B1C,-43
0x1B1E,42
0x1B20,-91
0x1B22,-63
0x1B24,-2
0x1B26,23
0x1B28,-26
0x1B2A,-77
0x1B2C,-95
0x1B2E,65
0x1B30,93
0x1B32,-94
0x1B34,-55
0x1B36,75
0x1B38,45
0x1B3A,67
0x1B3C,-96
0x1B3E,-59
0x1B40,-44
0x1B42,83
0x1B44,-14
0x1B46,-23
0x1B48,69
0x1B4A,-68
0x1B4C,95
0x1B4E,95
0x1B50,77
0x1B52,68
0x1B54,-7
0x1B56,-83
0x1B58,21
0x1B5A,-60
0x1B5C,6
0x1B5E,-71
0x1B60,-12
0x1B62,6
0x1B64,-85
0x1B66,46
0x1B68,-15
0x1B6A,-45
0x1B6C,95
0x1B6E,15
0x1B70,-69
0x1B72,-77
0x1B74,-91
0x1B76,11
0x1B78,-17
0x1B7A,-25
0x1B7C,-98
0x1B7E,-32
0x1B80,4
0x1B82,98
0x1B84,-54
0x1B86,-44
0x1B88,33
0x1B8A,-92
0x1B8C,-81
0x1B8E,-97
0x1B90,5
0x1B92,-80
0x1B94,-89
0x1B96,57
0x1B98,52
0x1B9A,-90
0x1B9C,55
0x1B9E,24
0x1BA0,41
0x1BA2,-7
0x1BA4,44
0x1BA6,1
0x1BA8,-27
0x1BAA,1
0x1BAC,-52
0x1BAE,85
0x1BB0,-60
0x1BB2,89
0x1BB4,44
0x1BB6,6
0x1BB8,-85
0x1BBA,-78
0x1BBC,-66
0x1BBE,94
0x1BC0,10
0x1BC2,-38
0x1BC4,90
0x1BC6,-29
0x1BC8,-47
0x1BCA,-15
0x1BCC,-83
0x1BCE,-59
0x1BD0,-76
0x1BD2,36
0x1BD4,26
0x1BD6,19
0x1BD8,32
0x1BDA,67
0x1BDC,-75
0x1BDE,53
0x1BE0,-39
0x1BE2,35
0x1BE4,-52
0x1BE6,44
0x1BE8,-72
0x1BEA,-20
0x1BEC,97
0x1BEE,-32
0x1BF0,37
0x1BF2,2
0x1BF4,-35
0x1BF6,90
0x1BF8,-79
0x1BFA,58
0x1BFC,57
0x1BFE,-29
0x1C00,-57
0x1C02,84
0x1C04,-7
0x1C06,41
0x1C08,20
0x1C0A,88
0x1C0C,2
0x1C0E,-92
0x1C10,-28
0x1C12,64
0x1C14,15
0x1C16,58
0x1C18,-18
0x1C1A,-90
0x1C1C,5
0x1C1E,14
0x1C20,88
0x1C22,-65
0x1C24,-74
0x1C26,32
0x1C28,69
0x1C2A,86
0x1C2C,-84
0x1C2E,-40
0x1C30,2
0x1C32,12
0x1C34,70
0x1C36,25
0x1C38,-7
0x1C3A,93
0x1C3C,-57
0x1C3E,88
0x1C40,-43
0x1C42,95
0x1C44,-66
0x1C46,30
0x1C48,5
0x1C4A,38
0x1C4C,-41
0x1C4E,66
0x1C50,76
0x1C52,-11
0x1C54,-62
0x1C56,-17
0x1C58,90
0x1C5A,-40
0x1C5C,-27
0x1C5E,50
0x1C60,-21
0x1C62,8
0x1C64,-68
0x1C66,57
0x1C68,-68
0x1C6A,-86
0x1C6C,-7
0x1C6E,-41
0x1C70,80
0x1C72,50
0x1C74,-95
0x1C76,-84
0x1C78,-94
0x1C7A,-67
0x1C7C,-25
0x1C7E,38
0x1C80,22
0x1C82,91
0x1C84,90
0x1C86,-20
0x1C88,67
0x1C8A,28
0x1C8C,-98
0x1C8E,1
0x1C90,-68
0x1C92,32
0x1C94,70
0x1C96,13
0x1C98,-50
0x1C9A,4
0x1C9C,-57
0x1C9E,0
0x1CA0,-20
0x1CA2,30
0x1CA4,-17
0x1CA6,-60
0x1CA8,-6
0x1CAA,8
0x1CAC,-85
0x1CAE,3
0x1CB0,-66
0x1CB2,23
0x1CB4,36
0x1CB6,-57
0x1CB8,-55
0x1CBA,-62
0x1CBC,-45
0x1CBE,16
0x1CC0,100
0x1CC2,31
0x1CC4,-24
0x1CC6,4
0x1CC8,-68
0x1CCA,77
0x1CCC,-31
0x1CCE,86
0x1CD0,28
0x1CD2,-68
0x1CD4,-43
0x1CD6,90
0x1CD8,-37
0x1CDA,-70
0x1CDC,62
0x1CDE,-14
0x1CE0,-36
0x1CE2,66
0x1CE4,5
0x1CE6,-15
0x1CE8,100
0x1CEA,55
0x1CEC,-70
0x1CEE,13
0x1CF0,40
0x1CF2,48
0x1CF4,-4
0x1CF6,56
0x1CF8,73
0x1CFA,21
0x1CFC,5
0x1CFE,-53
0x1D00,-100
0x1D02,89
0x1D04,41
0x1D06,27
0x1D08,80
0x1D0A,-36
0x1D0C,35
0x1D0E,63
0x1D10,-81
0x1D12,14
0x1D14,17
0x1D16,58
0x1D18,68
0x1D1A,15
0x1D1C,-69
0x1D1E,-72
0x1D20,22
0x1D22,45
0x1D24,15
0x1D26,89
0x1D28,30
0x1D2A,-4
0x1D2C,-27
0x1D2E,36
0x1D30,20
0x1D32,42
0x1D34,-18
0x1D36,42
0x1D38,12
0x1D3A,-42
0x1D3C,13
0x1D3E,-19
0x1D40,47
0x1D42,48
0x1D44,-78
0x1D46,82
0x1D48,-68
0x1D4A,46
0x1D4C,2
0x1D4E,35
0x1D50,33
0x1D52,-32
0x1D54,-10
0x1D56,9
0x1D58,58
0x1D5A,-88
0x1D5C,39
0x1D5E,41
0x1D60,50
0x1D62,-72
0x1D64,-69
0x1D66,-32
0x1D68,2
0x1D6A,-100
0x1D6C,82
0x1D6E,91
0x1D70,-36
0x1D72,-53
0x1D74,42
0x1D76,18
0x1D78,12
0x1D7A,26
0x1D7C,25
0x1D7E,-67
0x1D80,46
0x1D82,38
0x1D84,94
0x1D86,37
0x1D88,-83
0x1D8A,61
0x1D8C,-11
0x1D8E,58
0x1D90,18
0x1D92,49
0x1D94,-91
0x1D96,45
0x1D98,100
0x1D9A,-48
0x1D9C,91
0x1D9E,77
0x1DA0,-77
0x1DA2,40
0x1DA4,76
0x1DA6,-45
0x1DA8,96
0x1DAA,-23
0x1DAC,-19
0x1DAE,-72
0x1DB0,43
0x1DB2,74
0x1DB4,-95
0x1DB6,5
0x1DB8,-37
0x1DBA,-97
0x1DBC,-15
0x1DBE,55
0x1DC0,-73
0x1DC2,84
0x1DC4,9
0x1DC6,28
0x1DC8,38
0x1DCA,-30
0x1DCC,-46
0x1DCE,28
0x1DD0,41
0x1DD2,65
0x1DD4,3
0x1DD6,-64
0x1DD8,50
0x1DDA,-100
0x1DDC,-28
0x1DDE,-100
0x1DE0,-11
0x1DE2,12
0x1DE4,49
0x1DE6,-3
0x1DE8,7
0x1DEA,-65
0x1DEC,-89
0x1DEE,-14
0x1DF0,56
0x1DF2,23
0x1DF4,85
0x1DF6,84
0x1DF8,15
0x1DFA,25
0x1DFC,23
0x1DFE,31
0x1E00,-66
0x1E02,-3
0x1E04,6
0x1E06,-83
0x1E08,43
0x1E0A,-93
0x1E0C,-20
0x1E0E,-63
0x1E10,-10
0x1E12,-82
0x1E14,-96
0x1E16,-95
0x1E18,91
0x1E1A,-10
0x1E1C,-73
0x1E1E,-1
0x1E20,54
0x1E22,-83
0x1E24,-90
0x1E26,7
0x1E28,70
0x1E2A,2
0x1E2C,-79
0x1E2E,2
0x1E30,-23
0x1E32,-21
0x1E34,-78
0x1E36,28
0x1E38,-32
0x1E3A,-50
0x1E3C,-27
0x1E3E,70
0x1E40,-49
0x1E42,45
0x1E44,-74
0x1E46,93
0x1E48,-89
0x1E4A,32
0x1E4C,-84
0x1E4E,-13
0x1E50,-32
0x1E52,-47
0x1E54,-30
0x1E56,88
0x1E58,58
0x1E5A,91
0x1E5C,76
0x1E5E,47
0x1E60,61
0x1E62,69
0x1E64,79
0x1E66,-87
0x1E68,-78
0x1E6A,99
0x1E6C,64
0x1E6E,-76
0x1E70,92
0x1E72,68
0x1E74,-38
0x1E76,-45
0x1E78,89
0x1E7A,27
0x1E7C,-92
0x1E7E,96
0x1E80,62
0x1E82,62
0x1E84,2
0x1E86,-96
0x1E88,3
0x1E8A,-23
0x1E8C,-39
0x1E8E,-95
0x1E90,-56
0x1E92,71
0x1E94,6
0x1E96,-24
0x1E98,10
0x1E9A,11
0x1E9C,8
0x1E9E,-93
0x1EA0,36
0x1EA2,-85
0x1EA4,56
0x1EA6,95
0x1EA8,27
0x1EAA,62
0x1EAC,-100
0x1EAE,38
0x1EB0,95
0x1EB2,-18
0x1EB4,-43
0x1EB6,80
0x1EB8,28
0x1EBA,92
0x1EBC,41
0x1EBE,5
0x1EC0,-71
0x1EC2,-74
0x1EC4,-95
0x1EC6,98
0x1EC8,94
0x1ECA,-12
0x1ECC,27
0x1ECE,37
0x1ED0,-40
0x1ED2,-99
0x1ED4,-31
0x1ED6,74
0x1ED8,-17
0x1EDA,85
0x1EDC,14
0x1EDE,-19
0x1EE0,69
0x1EE2,48
0x1EE4,71
0x1EE6,-61
0x1EE8,-20
0x1EEA,-75
0x1EEC,-52
0x1EEE,13
0x1EF0,41
0x1EF2,-46
0x1EF4,-35
0x1EF6,-7
0x1EF8,65
0x1EFA,-69
0x1EFC,20
0x1EFE,45
0x1F00,61
0x1F02,84
0x1F04,97
0x1F06,10
0x1F08,25
0x1F0A,83
0x1F0C,-67
0x1F0E,77
0x1F10,26
0x1F12,88
0x1F14,96
0x1F16,-43
0x1F18,75
0x1F1A,79
0x1F1C,76
0x1F1E,-90
0x1F20,-53
0x1F22,38
0x1F24,-29
0x1F26,-26
0x1F28,10
0x1F2A,62
0x1F2C,-99
0x1F2E,-24
0x1F30,25
0x1F32,-58
0x1F34,-30
0x1F36,-91
0x1F38,-56
0x1F3A,90
0x1F3C,-97
0x1F3E,-20
0x1F40,-3
0x1F42,-53
0x1F44,-91
0x1F46,-66
0x1F48,6
0x1F4A,100
0x1F4C,20
0x1F4E,86
0x1F50,-21
0x1F52,41
0x1F54,-77
0x1F56,52
0x1F58,43
0x1F5A,-16
0x1F5C,68
0x1F5E,-69
0x1F60,-52
0x1F62,-86
0x1F64,10
0x1F66,-94
0x1F68,-47
0x1F6A,-10
0x1F6C,-28
0x1F6E,65
0x1F70,-12
0x1F72,-28
0x1F74,-40
0x1F76,32
0x1F78,79
0x1F7A,-14
0x1F7C,91
0x1F7E,68
0x1F80,-36
0x1F82,2
0x1F84,-92
0x1F86,71
0x1F88,-78
0x1F8A,11
0x1F8C,-49
0x1F8E,30
0x1F90,10
0x1F92,3
0x1F94,-2
0x1F96,-7
0x1F98,8
0x1F9A,63
0x1F9C,82
0x1F9E,24
0x1FA0,-19
0x1FA2,-18
0x1FA4,-44
0x1FA6,90
0x1FA8,57
0x1FAA,26
0x1FAC,-88
0x1FAE,-74
0x1FB0,-34
0x1FB2,-3
0x1FB4,-67
0x1FB6,-59
0x1FB8,65
0x1FBA,-58
0x1FBC,30
0x1FBE,56
0x1FC0,81
0x1FC2,6
0x1FC4,46
0x1FC6,70
0x1FC8,80
0x1FCA,-25
0x1FCC,83
0x1FCE,-16
0x1FD0,-20
0x1FD2,-73
0x1FD4,-76
0x1FD6,-69
0x1FD8,48
0x1FDA,42
0x1FDC,40
0x1FDE,6
0x1FE0,-46
0x1FE2,-86
0x1FE4,-40
0x1FE6,0
0x1FE8,64
0x1FEA,-100
0x1FEC,-98
0x1FEE,-37
0x1FF0,20
0x1FF2,84
0x1FF4,-68
0x1FF6,77
0x1FF8,-19
0x1FFA,-64
0x1FFC,12
0x1FFE,-75
